crying,0.0,0.4,0
out,0.4,0.5,0
at,0.5,0.8,0
the,0.8,0.9,0
same,0.9,1.0,0
time,1.0,1.4,0
for,1.4,1.7000000000000002,0
three,1.7000000000000002,1.9,0
hundred,1.9,2.1,0
pieces,2.1,2.6,0
of,2.6,2.7,0
STUTTER,2.7,2.88,5
a,2.88,3.7800000000000002,0
guest,3.7800000000000002,4.18,0
of,4.18,4.18,0
the,4.18,4.28,0
end,4.28,4.68,0
where,4.68,4.78,0
the,4.78,4.98,0
pair,4.98,5.08,0
were,5.08,5.28,0
stopping,5.28,5.68,0
