people,0.0,0.5,0
came,0.5,0.8,0
from,0.8,0.9,0
distant,0.9,1.4,0
parts,1.4,1.5,0
of,1.5,1.8,0
Arabia,1.8,2.3,0
and,2.3,2.9,0
from,2.9,3.1,0
STUTTER,3.1,3.8200000000000003,5
countries,3.8200000000000003,4.220000000000001,0
to,4.220000000000001,4.42,0
hear,4.42,4.62,0
him,4.62,4.92,0
one,4.92,6.12,0
day,6.12,6.32,0
6,6.32,7.0200000000000005,0
of,7.0200000000000005,7.12,0
the,7.12,7.32,0
chief,7.32,7.62,0
men,7.62,7.92,0
of,7.92,8.02,0
Medina,8.02,8.42,0
