sprang,0.1,0.5,0
to,0.5,0.6000000000000001,0
his,0.6000000000000001,0.8,0
feet,0.8,1.1,0
and,1.1,1.2,0
called,1.2,1.6,0
to,1.6,1.8,0
his,1.8,2.0,0
Squire,2.0,2.3,0
Sancho,2.3,2.6,0
who,2.6,3.6,0
is,3.6,3.7,0
still,3.7,3.9,0
snoring,3.9,4.2,0
