politicians,0.2,1.2,0
June,1.2,1.7000000000000002,0
13th,1.7000000000000002,2.2,0
1889,2.2,3.5,0
in,3.5,3.7,0
Holland,3.7,4.1,0
pants,4.1,5.0,0
August,5.0,5.7,0
1st,5.7,6.1,0
1889,6.1,7.1,0
Strasburg,7.1,7.9,0
little,7.9,8.8,0
toads,8.8,9.2,0
August,9.2,9.8,0
2nd,9.8,10.2,0
1889,10.2,11.3,0
Subway,11.3,11.8,0
