Stones,0.0,0.9,0
fence,0.9,1.3,0
rails,1.3,1.7000000000000002,0
limbs,1.7000000000000002,2.1,0
of,2.1,2.2,0
trees,2.2,2.2,0
say,2.2,3.6,0
that,3.6,3.7,0
the,3.7,3.9,0
snakes,3.9,4.2,0
occupied,4.2,4.7,0
the,4.7,4.8,0
next,4.8,5.1,0
gradation,5.1,5.7,0
and,5.7,6.3,0
would,6.3,6.4,0
be,6.4,6.4,0
the,6.4,6.6,0
next,6.6,6.9,0
to,6.9,7.0,0
fall,7.0,7.1,0
