though,0.0,0.5,0
I,0.5,0.6000000000000001,0
wanted,0.6000000000000001,0.9,0
you,0.9,1.2,0
to,1.2,1.2,0
see,1.2,1.5,0
the,1.5,1.6,0
teapot,1.6,2.1,0
to,2.1,2.3,0
