chicken,0.0,0.5,0
Inky,0.5,0.9,0
STUTTER,3.6,5.660362811791382,3
once,5.660362811791382,6.360362811791382,0
when,6.360362811791382,6.860362811791382,0
muso,6.860362811791382,7.160362811791382,0
kokushi,7.160362811791382,7.860362811791382,0
