enriching,0.0,0.9,0
whole,0.9,1.2,0
troops,1.2,1.6,0
of,1.6,1.7000000000000002,0
his,1.7000000000000002,1.9,0
relatives,1.9,2.2,0
by,2.2,2.7,0
division,2.7,3.3,0
of,3.3,3.6,0
his,3.6,3.8,0
STUTTER,3.8,4.233741496598639,2
superabundance,4.233741496598639,4.833741496598639,0
I,4.833741496598639,6.333741496598639,0
was,6.333741496598639,6.633741496598639,0
not,6.633741496598639,6.833741496598639,0
surprised,6.833741496598639,7.433741496598639,0
however,7.433741496598639,7.833741496598639,0
