Cleary,0.0,0.5,0
the,0.5,0.6000000000000001,0
major,0.6000000000000001,1.1,0
you,1.1,1.9,0
mean,1.9,2.1,0
STUTTER,2.1,2.722267573696145,3
all,2.722267573696145,2.9222675736961445,0
mine,2.9222675736961445,3.4222675736961445,0
trouble,3.4222675736961445,3.822267573696145,0
well,3.822267573696145,4.622267573696145,0
then,4.622267573696145,5.122267573696145,0
your,5.122267573696145,5.522267573696145,0
money,5.522267573696145,5.822267573696145,0
