standing,0.2,0.9,0
ready,0.9,1.1,0
STUTTER,1.1,1.28,5
move,1.28,1.6800000000000002,0
his,1.6800000000000002,1.8800000000000001,0
Auditors,1.8800000000000001,2.2800000000000002,0
to,2.2800000000000002,2.58,0
some,2.58,2.7800000000000002,0
Hasting,2.7800000000000002,3.38,0
and,3.38,3.88,0
perhaps,3.88,3.98,0
injudicious,3.98,4.88,0
discussion,4.88,5.58,0
