thinking,0.0,0.5,0
up,0.5,0.7000000000000001,0
new,0.7000000000000001,0.9,0
ways,0.9,1.1,0
of,1.1,1.3,0
raising,1.3,1.5,0
hell,1.5,2.0,0
