standing,0.2,0.9,0
ready,0.9,1.1,0
to,1.1,1.2,0
move,1.2,1.6,0
his,1.6,1.8,0
Auditors,1.8,2.2,0
to,2.2,2.5,0
some,2.5,2.7,0
Hasting,2.7,3.3,0
STUTTER,3.3,7.028027210884354,4
and,7.028027210884354,7.528027210884354,0
perhaps,7.528027210884354,7.628027210884355,0
injudicious,7.628027210884355,8.528027210884353,0
discussion,8.528027210884353,9.228027210884354,0
