because,0.0,0.5,0
the,0.5,0.6000000000000001,0
orifices,0.6000000000000001,1.1,0
through,1.1,1.5,0
which,1.5,1.6,0
they,1.6,1.8,0
pass,1.8,2.1,0
or,2.1,2.3,0
wide,2.3,2.7,0
