should,0.0,0.5,0
not,0.5,0.6000000000000001,0
in,0.6000000000000001,1.0,0
this,1.0,1.1,0
be,1.1,1.4,0
equal,1.4,1.8,0
to,1.8,1.8,0
the,1.8,1.9,0
most,1.9,2.2,0
stupid,2.2,2.7,0
infant,2.7,3.1,0
of,3.1,3.2,0
its,3.2,3.3,0
kind,3.3,3.5,0
or,3.5,4.4,0
at,4.4,4.5,0
least,4.5,4.6,0
the,4.6,4.8,0
one,4.8,5.0,0
that,5.0,5.2,0
was,5.2,5.4,0
crackbrained,5.4,6.3,0
unless,6.3,7.0,0
the,7.0,7.2,0
soul,7.2,7.5,0
of,7.5,7.6,0
brutes,7.6,8.0,0
