seasonable,0.1,1.1,0
from,1.1,1.6,0
April,1.6,2.1,0
to,2.1,2.3,0
STUTTER,2.3,3.5600000000000005,5
sufficient,3.5600000000000005,4.760000000000001,0
for,4.760000000000001,5.260000000000001,0
8,5.260000000000001,5.5600000000000005,0
persons,5.5600000000000005,5.960000000000001,0
oyster,7.460000000000001,8.36,0
soup,8.36,8.96,0
