looking,0.0,0.5,0
at,0.5,0.6000000000000001,0
his,0.6000000000000001,0.8,0
poor,0.8,1.0,0
old,1.0,1.1,0
Goose,1.1,1.5,0
flying,1.5,1.9,0
as,1.9,2.1,0
life,2.1,2.3,0
is,2.3,2.5,0
a,2.5,2.5,0
lark,2.5,2.9,0
and,2.9,3.4,0
STUTTER,3.4,3.8443537414965987,2
better,3.8443537414965987,4.144353741496599,0
than,4.144353741496599,4.244353741496599,0
ever,4.244353741496599,4.544353741496598,0
she,4.544353741496598,4.544353741496598,0
was,4.544353741496598,5.044353741496598,0
