detract,0.0,0.9,0
from,0.9,1.0,0
the,1.0,1.1,0
favorable,1.1,1.8,0
STUTTER,1.8,2.689478458049887,3
effect,2.689478458049887,2.7894784580498873,0
does,2.7894784580498873,3.7894784580498873,0
he,3.7894784580498873,3.8894784580498873,0
always,3.8894784580498873,4.5894784580498875,0
at,4.5894784580498875,4.989478458049887,0
once,4.989478458049887,5.289478458049888,0
produced,5.289478458049888,5.689478458049887,0
