leaving,0.1,0.8,0
the,0.8,0.9,0
place,0.9,1.2,0
beneath,1.2,1.7000000000000002,0
clear,1.7000000000000002,2.1,0
of,2.1,2.2,0
it's,2.2,2.4,0
fumes,2.4,2.8,0
